<?xml version="1.0" ?><list><Model.DataRekapSungai><Namasungai>winongo</Namasungai><Tanggal>23/04/2023</Tanggal><Suhu>30</Suhu><Ph>4</Ph><Warna>biru</Warna><Bau>harum</Bau><Kondisi>terawat</Kondisi><Grade>A</Grade></Model.DataRekapSungai><Model.DataRekapSungai><Namasungai>sungai oyo</Namasungai><Tanggal>23/03/2022</Tanggal><Suhu>30</Suhu><Ph>4</Ph><Warna>biru</Warna><Bau>harum</Bau><Kondisi>terawat</Kondisi><Grade>A</Grade></Model.DataRekapSungai><Model.DataRekapSungai><Namasungai>cidadas</Namasungai><Tanggal>5/06/2021</Tanggal><Suhu>23</Suhu><Ph>4</Ph><Warna>coklat</Warna><Bau>tidak ada</Bau><Kondisi>agak kotor</Kondisi><Grade>B</Grade></Model.DataRekapSungai></list>