<?xml version="1.0" ?><list><Model.DataUserBaru><Nama>shafiq</Nama><Username>shafiqganteng</Username><Password>12345678</Password><Tanggal>23/04/2004</Tanggal><JKelamin>Pria</JKelamin><Email>alifirunashafiq@gmail.com</Email><Nohp>0895705101293</Nohp><Domisili>balikpapan</Domisili><Pilihan>User</Pilihan></Model.DataUserBaru><Model.DataUserBaru><Nama>danes</Nama><Username>danesdanes</Username><Password>12345678</Password><Tanggal>12/04/2005</Tanggal><JKelamin>Pria</JKelamin><Email>danes@gmail.com</Email><Nohp>081672423</Nohp><Domisili>balikpapan</Domisili><Pilihan>Analis</Pilihan></Model.DataUserBaru><Model.DataUserBaru><Nama>nisya</Nama><Username>nisyakece</Username><Password>12345678</Password><Tanggal>20/03/2004</Tanggal><JKelamin>Wanita</JKelamin><Email>nisyanisya@gmail.com</Email><Nohp>08746635523</Nohp><Domisili>Yogyakarta</Domisili><Pilihan>User</Pilihan></Model.DataUserBaru><Model.DataUserBaru><Nama></Nama><Username></Username><Password></Password><Tanggal></Tanggal><Email></Email><Nohp></Nohp><Domisili></Domisili></Model.DataUserBaru><Model.DataUserBaru><Nama>BosGeng</Nama><Username>overflow</Username><Password>jayaabadi</Password><Tanggal>12//04/2003</Tanggal><JKelamin>Pria</JKelamin><Email>overflow@gmail.com</Email><Nohp>089570523</Nohp><Domisili>yogyakarta</Domisili><Pilihan>DLH</Pilihan></Model.DataUserBaru></list>