<?xml version="1.0" ?><list><Model.DataUserDLH><Username>shafiq</Username><Password>12345678</Password></Model.DataUserDLH><Model.DataUserDLH><Username>shafiq</Username><Password>shafiqkocak</Password></Model.DataUserDLH><Model.DataUserDLH><Username>Yusa</Username><Password>yusayusa123</Password></Model.DataUserDLH><Model.DataUserDLH><Username></Username><Password></Password></Model.DataUserDLH><Model.DataUserDLH><Username></Username><Password></Password></Model.DataUserDLH><Model.DataUserDLH><Username></Username><Password></Password></Model.DataUserDLH></list>